Date,Product,Region,Units_Sold,Revenue,Salesperson,Channel,Customer_Type
2022-01-01,Almonds,West,37,295.16,Meena,Online,Retail
2022-01-01,Raisins,East,14,218.39,Raj,Online,Wholesale
2022-01-01,Walnuts,West,45,642.71,Anita,Online,Retail
2022-01-02,Pistachios,South,6,32.33,Raj,Offline,Retail
2022-01-02,Cashews,East,41,509.45,Meena,Online,Wholesale
2022-01-02,Cashews,West,3,37.12,Meena,Offline,Wholesale
2022-01-03,Walnuts,West,32,182.2,Anita,Online,Retail
2022-01-03,Walnuts,West,45,307.13,Ali,Offline,Wholesale
2022-01-03,Almonds,West,28,174.01,Meena,Online,Wholesale
2022-01-03,Cashews,West,22,360.3,Anita,Online,Retail
2022-01-04,Cashews,West,27,151.36,Raj,Online,Wholesale
2022-01-04,Walnuts,East,35,269.11,Raj,Offline,Retail
2022-01-04,Walnuts,North,35,619.22,Meena,Offline,Wholesale
2022-01-05,Walnuts,West,17,241.3,Meena,Offline,Wholesale
2022-01-06,Cashews,East,26,366.1,Raj,Offline,Wholesale
2022-01-06,Almonds,North,27,158.49,Anita,Online,Retail
2022-01-06,Raisins,North,41,766.36,Raj,Offline,Retail
2022-01-07,Cashews,North,42,338.58,Ali,Online,Wholesale
2022-01-07,Walnuts,West,45,539.9,Sunil,Offline,Wholesale
2022-01-08,Almonds,West,44,384.26,Anita,Online,Retail
2022-01-08,Cashews,North,27,257.37,Anita,Offline,Retail
2022-01-08,Pistachios,North,39,331.16,Ali,Online,Wholesale
2022-01-08,Cashews,South,30,255.56,Raj,Offline,Wholesale
2022-01-09,Walnuts,West,38,590.89,Sunil,Online,Retail
2022-01-09,Cashews,West,46,880.33,Meena,Offline,Wholesale
2022-01-09,Raisins,North,15,187.03,Raj,Offline,Retail
2022-01-09,Raisins,West,38,354.16,Raj,Online,Wholesale
2022-01-10,Cashews,West,19,337.73,Meena,Offline,Retail
2022-01-10,Walnuts,North,22,170.66,Sunil,Offline,Wholesale
2022-01-10,Walnuts,North,21,326.44,Meena,Offline,Wholesale
2022-01-11,Almonds,West,36,249.08,Meena,Online,Wholesale
2022-01-11,Pistachios,North,13,122.11,Sunil,Online,Wholesale
2022-01-11,Pistachios,North,29,551.49,Meena,Online,Wholesale
2022-01-12,Walnuts,North,5,25.04,Ali,Online,Retail
2022-01-12,Walnuts,West,12,113.42,Sunil,Online,Wholesale
2022-01-12,Walnuts,West,11,164.67,Raj,Offline,Wholesale
2022-01-12,Pistachios,South,35,423.65,Anita,Offline,Wholesale
2022-01-13,Almonds,South,4,47.64,Raj,Offline,Wholesale
2022-01-13,Cashews,South,46,890.26,Ali,Offline,Wholesale
2022-01-14,Raisins,North,7,124.05,Ali,Online,Wholesale
2022-01-15,Almonds,East,18,322.1,Raj,Offline,Wholesale
2022-01-15,Walnuts,North,25,199.4,Raj,Online,Retail
2022-01-15,Almonds,East,49,874.25,Ali,Online,Wholesale
2022-01-15,Pistachios,North,11,219.59,Anita,Offline,Wholesale
2022-01-16,Almonds,South,44,714.1,Meena,Offline,Wholesale
2022-01-16,Raisins,South,7,59.37,Raj,Online,Retail
2022-01-16,Cashews,West,21,168.06,Meena,Offline,Retail
2022-01-16,Pistachios,South,5,95.83,Anita,Online,Wholesale
2022-01-17,Pistachios,West,44,735.97,Meena,Offline,Retail
2022-01-18,Cashews,North,14,131.69,Sunil,Offline,Wholesale
2022-01-18,Cashews,North,18,104.22,Sunil,Online,Retail
2022-01-18,Cashews,South,6,75.93,Meena,Online,Retail
2022-01-19,Walnuts,West,34,631.81,Raj,Online,Retail
2022-01-19,Cashews,East,26,384.52,Sunil,Online,Retail
2022-01-19,Pistachios,North,32,428.65,Ali,Offline,Retail
2022-01-19,Pistachios,East,19,147.02,Raj,Online,Retail
2022-01-20,Almonds,South,17,301.54,Meena,Online,Wholesale
2022-01-20,Walnuts,East,4,51.79,Raj,Online,Wholesale
2022-01-21,Almonds,East,19,270.8,Sunil,Online,Retail
2022-01-21,Cashews,West,29,201.4,Sunil,Online,Wholesale
2022-01-22,Pistachios,East,41,598.94,Raj,Offline,Wholesale
2022-01-22,Walnuts,East,1,15.46,Meena,Offline,Wholesale
2022-01-22,Pistachios,East,26,214.02,Anita,Offline,Wholesale
2022-01-23,Cashews,West,16,179.73,Meena,Offline,Retail
2022-01-24,Almonds,North,27,205.91,Anita,Online,Retail
2022-01-25,Pistachios,South,46,407.76,Sunil,Online,Retail
2022-01-25,Almonds,North,14,180.85,Meena,Offline,Retail
2022-01-26,Walnuts,South,22,392.91,Meena,Online,Wholesale
2022-01-26,Cashews,East,20,190.15,Sunil,Online,Retail
2022-01-27,Cashews,South,5,37.95,Raj,Online,Retail
2022-01-27,Pistachios,East,14,128.86,Meena,Offline,Retail
2022-01-28,Cashews,East,5,87.92,Meena,Online,Wholesale
2022-01-28,Raisins,South,9,104.6,Ali,Offline,Retail
2022-01-28,Cashews,West,3,40.21,Raj,Online,Retail
2022-01-28,Almonds,East,21,391.64,Raj,Online,Wholesale
2022-01-29,Walnuts,East,10,127.56,Sunil,Online,Retail
2022-01-30,Raisins,East,40,264.49,Meena,Online,Wholesale
2022-01-30,Almonds,South,18,112.39,Sunil,Online,Retail
2022-01-30,Walnuts,West,41,209.88,Ali,Offline,Wholesale
2022-01-30,Raisins,North,42,321.73,Sunil,Online,Wholesale
2022-01-31,Raisins,East,2,26.17,Raj,Offline,Retail
2022-01-31,Pistachios,East,2,24.58,Raj,Offline,Wholesale
2022-01-31,Cashews,West,31,290.08,Meena,Online,Retail
2022-01-31,Cashews,East,30,467.61,Ali,Online,Retail
2022-02-01,Almonds,South,26,202.24,Anita,Online,Retail
2022-02-01,Raisins,West,31,280.87,Ali,Online,Wholesale
2022-02-02,Cashews,South,3,43.18,Raj,Offline,Wholesale
2022-02-02,Pistachios,North,36,237.2,Anita,Offline,Wholesale
2022-02-03,Pistachios,South,4,33.11,Raj,Online,Retail
2022-02-03,Walnuts,West,4,44.83,Sunil,Offline,Retail
2022-02-03,Walnuts,East,24,237.63,Raj,Offline,Wholesale
2022-02-03,Walnuts,West,45,877.44,Raj,Online,Retail
2022-02-04,Walnuts,North,17,220.86,Ali,Offline,Retail
2022-02-04,Almonds,West,8,42.8,Meena,Offline,Wholesale
2022-02-04,Almonds,South,12,234.76,Meena,Offline,Retail
2022-02-05,Walnuts,North,47,435.06,Sunil,Online,Wholesale
2022-02-05,Raisins,East,15,190.54,Meena,Online,Wholesale
2022-02-05,Cashews,North,44,261.48,Anita,Offline,Wholesale
2022-02-05,Walnuts,East,32,293.2,Meena,Online,Wholesale
2022-02-06,Almonds,North,36,694.16,Sunil,Offline,Wholesale
2022-02-07,Almonds,East,6,102.39,Meena,Offline,Retail
2022-02-08,Almonds,East,19,268.04,Ali,Offline,Retail
2022-02-08,Almonds,North,19,254.63,Meena,Offline,Wholesale
2022-02-08,Walnuts,North,28,301.23,Ali,Offline,Wholesale
2022-02-09,Walnuts,South,27,217.13,Raj,Online,Wholesale
2022-02-09,Almonds,South,39,704.11,Ali,Offline,Wholesale
2022-02-09,Walnuts,South,31,612.32,Raj,Offline,Wholesale
2022-02-10,Almonds,West,8,116.32,Ali,Offline,Wholesale
2022-02-10,Raisins,West,30,169.42,Meena,Offline,Retail
2022-02-11,Pistachios,West,30,224.96,Anita,Online,Wholesale
2022-02-12,Pistachios,North,3,36.5,Meena,Offline,Retail
2022-02-12,Cashews,South,36,444.19,Sunil,Offline,Retail
2022-02-12,Almonds,South,16,238.44,Anita,Offline,Wholesale
2022-02-12,Cashews,North,12,64.85,Meena,Online,Retail
2022-02-13,Raisins,East,49,953.76,Sunil,Online,Retail
2022-02-14,Almonds,West,22,256.1,Sunil,Offline,Retail
2022-02-15,Cashews,East,34,246.68,Anita,Offline,Wholesale
2022-02-15,Walnuts,South,46,400.14,Anita,Online,Retail
2022-02-15,Almonds,East,44,326.14,Anita,Online,Retail
2022-02-16,Walnuts,South,36,641.17,Meena,Online,Retail
2022-02-16,Almonds,East,49,392.17,Ali,Offline,Wholesale
2022-02-17,Pistachios,South,41,719.67,Anita,Online,Wholesale
2022-02-17,Pistachios,South,9,138.03,Ali,Offline,Retail
2022-02-17,Walnuts,South,4,76.03,Raj,Online,Retail
2022-02-18,Pistachios,East,29,219.37,Sunil,Offline,Wholesale
2022-02-19,Raisins,South,5,40.75,Anita,Offline,Retail
2022-02-19,Almonds,West,23,147.37,Meena,Offline,Wholesale
2022-02-20,Cashews,West,22,136.37,Raj,Offline,Wholesale
2022-02-20,Raisins,South,35,335.77,Meena,Online,Retail
2022-02-20,Cashews,South,49,319.34,Sunil,Offline,Retail
2022-02-21,Pistachios,South,17,264.46,Meena,Offline,Wholesale
2022-02-21,Cashews,East,23,453.12,Ali,Offline,Retail
2022-02-21,Pistachios,West,28,264.69,Meena,Offline,Wholesale
2022-02-22,Raisins,East,32,294.94,Meena,Offline,Retail
2022-02-23,Pistachios,West,10,52.97,Sunil,Online,Wholesale
2022-02-24,Cashews,West,31,513.16,Sunil,Online,Retail
2022-02-25,Almonds,East,34,381.88,Sunil,Offline,Wholesale
2022-02-25,Walnuts,South,30,358.05,Anita,Offline,Retail
2022-02-25,Cashews,North,45,433.06,Anita,Online,Retail
2022-02-25,Walnuts,West,23,239.61,Ali,Offline,Wholesale
2022-02-26,Raisins,West,26,341.71,Meena,Online,Wholesale
2022-02-26,Cashews,East,9,82.14,Ali,Offline,Retail
2022-02-26,Pistachios,East,45,317.51,Raj,Online,Wholesale
2022-02-27,Almonds,West,44,380.4,Meena,Offline,Retail
2022-02-28,Raisins,East,47,511.79,Raj,Online,Retail
2022-02-28,Almonds,West,45,480.88,Ali,Offline,Wholesale
2022-02-28,Almonds,West,3,52.19,Meena,Offline,Retail
2022-03-01,Walnuts,North,28,195.85,Anita,Offline,Wholesale
2022-03-02,Almonds,East,33,412.24,Meena,Online,Retail
2022-03-03,Cashews,East,12,62.53,Meena,Online,Retail
2022-03-03,Walnuts,West,33,408.99,Ali,Offline,Wholesale
2022-03-03,Raisins,West,29,300.61,Raj,Offline,Wholesale
2022-03-04,Cashews,East,11,121.73,Sunil,Offline,Retail
2022-03-04,Pistachios,North,38,736.05,Raj,Offline,Retail
2022-03-04,Pistachios,North,42,419.95,Ali,Online,Wholesale
2022-03-04,Walnuts,East,15,192.08,Meena,Online,Wholesale
2022-03-05,Cashews,South,38,371.31,Ali,Online,Retail
2022-03-05,Almonds,South,19,294.26,Sunil,Offline,Wholesale
2022-03-05,Raisins,South,3,24.2,Meena,Offline,Wholesale
2022-03-05,Raisins,North,39,351.48,Ali,Online,Wholesale
2022-03-06,Raisins,West,9,59.7,Ali,Offline,Retail
2022-03-06,Pistachios,West,21,215.17,Meena,Online,Retail
2022-03-06,Raisins,North,29,538.69,Raj,Offline,Wholesale
2022-03-06,Raisins,North,12,132.35,Sunil,Offline,Retail
2022-03-07,Walnuts,North,13,184.2,Raj,Offline,Wholesale
2022-03-07,Raisins,South,17,183.2,Anita,Offline,Wholesale
2022-03-08,Walnuts,East,35,256.67,Raj,Online,Wholesale
2022-03-09,Cashews,East,21,338.08,Sunil,Online,Retail
2022-03-09,Cashews,South,12,207.18,Raj,Offline,Retail
2022-03-09,Almonds,South,25,130.58,Meena,Online,Wholesale
2022-03-09,Raisins,West,43,718.7,Raj,Online,Retail
2022-03-10,Pistachios,East,4,71.13,Meena,Offline,Retail
2022-03-11,Walnuts,East,48,927.76,Ali,Offline,Wholesale
2022-03-12,Pistachios,North,37,630.44,Ali,Online,Retail
2022-03-13,Walnuts,North,14,156.48,Ali,Online,Wholesale
2022-03-13,Walnuts,East,11,125.21,Sunil,Online,Retail
2022-03-13,Pistachios,North,30,337.75,Ali,Online,Retail
2022-03-14,Pistachios,East,25,318.99,Sunil,Offline,Wholesale
2022-03-15,Raisins,West,11,170.7,Sunil,Offline,Wholesale
2022-03-15,Almonds,East,10,56.14,Sunil,Offline,Wholesale
2022-03-15,Walnuts,South,29,288.13,Sunil,Offline,Retail
2022-03-16,Cashews,West,31,435.83,Sunil,Online,Wholesale
2022-03-17,Raisins,East,50,989.7,Sunil,Online,Retail
2022-03-17,Cashews,West,26,243.42,Ali,Online,Retail
2022-03-18,Almonds,West,24,346.04,Anita,Offline,Wholesale
2022-03-19,Almonds,North,49,913.56,Meena,Offline,Wholesale
2022-03-19,Almonds,North,23,396.77,Sunil,Online,Wholesale
2022-03-19,Raisins,East,24,139.52,Ali,Online,Wholesale
2022-03-20,Almonds,West,6,113.63,Raj,Online,Wholesale
2022-03-21,Almonds,North,13,158.29,Anita,Offline,Wholesale
2022-03-22,Cashews,North,50,424.52,Meena,Offline,Retail
2022-03-22,Pistachios,West,50,869.48,Raj,Online,Retail
2022-03-22,Walnuts,East,35,630.69,Raj,Online,Wholesale
2022-03-23,Almonds,West,34,338.92,Ali,Offline,Wholesale
2022-03-23,Cashews,South,32,507.78,Ali,Online,Retail
2022-03-24,Walnuts,South,8,95.01,Sunil,Online,Wholesale
2022-03-25,Cashews,South,38,615.69,Raj,Offline,Retail
2022-03-26,Pistachios,South,45,643.52,Sunil,Online,Wholesale
2022-03-26,Almonds,West,18,322.25,Ali,Online,Retail
2022-03-27,Almonds,South,13,259.31,Raj,Offline,Wholesale
2022-03-28,Pistachios,North,21,313.93,Raj,Online,Wholesale
2022-03-28,Pistachios,North,2,26.36,Anita,Online,Wholesale
2022-03-28,Walnuts,North,37,542.53,Anita,Online,Wholesale
2022-03-28,Raisins,South,39,203.97,Meena,Online,Retail
2022-03-29,Cashews,West,9,76.54,Sunil,Offline,Wholesale
2022-03-29,Cashews,South,35,325.05,Meena,Online,Retail
2022-03-30,Raisins,West,49,588.38,Meena,Online,Retail
2022-03-30,Cashews,West,43,714.36,Anita,Offline,Retail
2022-03-30,Cashews,East,44,469.69,Sunil,Offline,Retail
2022-03-31,Almonds,West,19,378.67,Meena,Offline,Wholesale
2022-03-31,Walnuts,East,45,667.94,Sunil,Online,Wholesale
2022-04-01,Walnuts,North,37,490.99,Meena,Online,Wholesale
2022-04-01,Cashews,East,5,45.08,Meena,Offline,Retail
2022-04-01,Raisins,South,2,27.3,Anita,Offline,Wholesale
2022-04-02,Almonds,South,14,178.6,Sunil,Online,Retail
2022-04-03,Raisins,North,34,415.11,Sunil,Online,Retail
2022-04-03,Pistachios,North,13,256.28,Raj,Online,Retail
2022-04-03,Pistachios,North,22,306.01,Anita,Offline,Retail
2022-04-03,Raisins,East,2,11.99,Anita,Offline,Retail
2022-04-04,Cashews,West,33,199.79,Anita,Online,Retail
2022-04-04,Cashews,North,19,334.16,Raj,Offline,Wholesale
2022-04-04,Raisins,West,22,299.76,Anita,Offline,Retail
2022-04-05,Raisins,South,3,57.21,Anita,Offline,Wholesale
2022-04-05,Raisins,East,32,252,Sunil,Online,Retail
2022-04-05,Almonds,South,33,165.97,Meena,Online,Retail
2022-04-05,Pistachios,East,4,47.6,Meena,Offline,Retail
2022-04-06,Raisins,North,6,52.77,Raj,Offline,Retail
2022-04-07,Raisins,West,48,766.69,Ali,Online,Retail
2022-04-07,Raisins,South,41,618.6,Raj,Online,Retail
2022-04-07,Almonds,East,39,326.66,Meena,Offline,Retail
2022-04-08,Walnuts,West,2,15.3,Anita,Offline,Retail
2022-04-08,Walnuts,North,10,54.85,Ali,Offline,Retail
2022-04-08,Walnuts,North,43,244.76,Ali,Offline,Wholesale
2022-04-08,Pistachios,South,24,207.43,Sunil,Offline,Wholesale
2022-04-09,Raisins,East,18,336.42,Sunil,Online,Wholesale
2022-04-09,Walnuts,North,10,57.65,Ali,Offline,Wholesale
2022-04-09,Cashews,West,4,46.41,Raj,Offline,Wholesale
2022-04-10,Almonds,East,17,312.11,Ali,Offline,Retail
2022-04-10,Cashews,West,1,13.05,Anita,Offline,Retail
2022-04-11,Walnuts,West,10,74.57,Ali,Online,Wholesale
2022-04-12,Almonds,North,43,293.23,Sunil,Online,Wholesale
2022-04-12,Walnuts,East,28,432.81,Meena,Offline,Wholesale
2022-04-12,Raisins,East,49,435.04,Meena,Online,Retail
2022-04-13,Raisins,North,30,159.52,Meena,Online,Wholesale
2022-04-14,Almonds,West,4,61.58,Raj,Online,Wholesale
2022-04-14,Pistachios,North,38,603.54,Ali,Offline,Retail
2022-04-14,Almonds,East,40,525.54,Meena,Online,Retail
2022-04-15,Cashews,East,29,202.39,Raj,Online,Wholesale
2022-04-15,Pistachios,West,34,256.16,Anita,Offline,Wholesale
2022-04-15,Almonds,South,11,186.87,Ali,Online,Retail
2022-04-16,Pistachios,North,11,106.08,Sunil,Online,Retail
2022-04-16,Walnuts,East,4,58.03,Anita,Online,Wholesale
2022-04-16,Raisins,South,22,316.28,Raj,Online,Wholesale
2022-04-16,Cashews,West,30,576.22,Sunil,Offline,Retail
2022-04-17,Walnuts,West,33,211.39,Ali,Offline,Wholesale
2022-04-17,Raisins,North,30,512.54,Anita,Online,Retail
2022-04-17,Almonds,North,18,254.78,Sunil,Online,Retail
2022-04-18,Cashews,East,7,43.02,Sunil,Offline,Retail
2022-04-18,Pistachios,North,5,43.27,Meena,Online,Wholesale
2022-04-18,Pistachios,West,30,494.31,Meena,Offline,Wholesale
2022-04-18,Cashews,South,47,857.29,Raj,Offline,Wholesale
2022-04-19,Cashews,East,10,111.75,Anita,Online,Retail
2022-04-19,Cashews,East,38,291.29,Anita,Offline,Wholesale
2022-04-19,Pistachios,East,35,521.95,Sunil,Offline,Retail
2022-04-19,Cashews,North,27,300.09,Sunil,Offline,Retail
2022-04-20,Pistachios,South,36,205.09,Ali,Offline,Retail
2022-04-21,Pistachios,South,6,63.24,Sunil,Offline,Wholesale
2022-04-21,Pistachios,South,48,683.29,Meena,Offline,Retail
2022-04-21,Almonds,West,26,440.64,Anita,Offline,Retail
2022-04-22,Walnuts,South,45,838.3,Sunil,Online,Wholesale
2022-04-22,Raisins,North,22,322.44,Meena,Offline,Wholesale
2022-04-23,Pistachios,West,30,318.82,Meena,Offline,Wholesale
2022-04-23,Cashews,East,37,655.65,Anita,Online,Retail
2022-04-24,Cashews,South,21,209.49,Raj,Offline,Wholesale
2022-04-25,Raisins,South,12,114.16,Sunil,Offline,Retail
2022-04-25,Walnuts,West,43,843.23,Sunil,Offline,Wholesale
2022-04-25,Pistachios,North,36,441.47,Anita,Offline,Wholesale
2022-04-25,Pistachios,East,37,439.36,Raj,Offline,Wholesale
2022-04-26,Almonds,West,15,159.59,Raj,Online,Wholesale
2022-04-27,Raisins,East,12,210.12,Ali,Offline,Wholesale
2022-04-27,Raisins,South,33,409.57,Raj,Online,Retail
2022-04-28,Walnuts,East,29,306,Meena,Offline,Wholesale
2022-04-28,Raisins,North,9,68.97,Ali,Online,Wholesale
2022-04-28,Pistachios,North,33,377.99,Ali,Online,Wholesale
2022-04-29,Walnuts,West,44,338.52,Raj,Online,Retail
2022-04-29,Walnuts,West,20,266.48,Sunil,Online,Retail
2022-04-29,Raisins,West,32,620.07,Raj,Offline,Wholesale
2022-04-29,Walnuts,West,47,704.2,Ali,Offline,Wholesale
2022-04-30,Pistachios,West,21,393.81,Ali,Online,Retail
2022-04-30,Almonds,North,30,313.52,Meena,Offline,Wholesale
2022-04-30,Raisins,North,29,395.34,Raj,Online,Wholesale
2022-05-01,Raisins,North,35,348.02,Anita,Offline,Wholesale
2022-05-01,Pistachios,East,33,653.3,Ali,Offline,Wholesale
2022-05-01,Pistachios,North,38,295.53,Meena,Online,Retail
2022-05-02,Almonds,North,17,287.43,Raj,Online,Retail
2022-05-02,Cashews,West,37,426.7,Sunil,Online,Wholesale
2022-05-02,Almonds,East,50,834.5,Raj,Offline,Wholesale
2022-05-02,Walnuts,West,9,74.65,Sunil,Online,Wholesale
2022-05-03,Almonds,East,26,146.22,Ali,Online,Wholesale
2022-05-03,Pistachios,West,49,754.43,Meena,Offline,Wholesale
2022-05-04,Walnuts,East,3,30.56,Sunil,Offline,Wholesale
2022-05-04,Pistachios,West,39,327.68,Anita,Online,Retail
2022-05-04,Cashews,South,43,700.39,Raj,Offline,Wholesale
2022-05-04,Walnuts,South,13,224.18,Raj,Offline,Wholesale
2022-05-05,Almonds,East,12,92.23,Sunil,Online,Retail
2022-05-05,Raisins,West,32,260.55,Ali,Offline,Wholesale
2022-05-06,Pistachios,North,35,371.13,Meena,Offline,Wholesale
2022-05-06,Cashews,South,28,385.69,Raj,Offline,Retail
2022-05-06,Pistachios,East,46,523.87,Ali,Online,Retail
2022-05-06,Cashews,South,28,243.57,Ali,Online,Retail
2022-05-07,Cashews,North,41,719.46,Ali,Online,Wholesale
2022-05-07,Walnuts,South,11,114.81,Raj,Online,Retail
2022-05-07,Almonds,East,50,805.78,Ali,Offline,Wholesale
2022-05-07,Almonds,East,45,631.49,Meena,Online,Retail
2022-05-08,Cashews,North,35,444.78,Anita,Offline,Wholesale
2022-05-08,Walnuts,South,3,55.73,Anita,Offline,Retail
2022-05-09,Cashews,West,12,218.47,Raj,Online,Wholesale
2022-05-09,Walnuts,North,40,687.45,Raj,Online,Wholesale
2022-05-10,Walnuts,East,32,279.19,Raj,Online,Retail
2022-05-10,Walnuts,West,28,493.45,Raj,Offline,Retail
2022-05-10,Walnuts,East,45,544.08,Meena,Offline,Wholesale
2022-05-10,Cashews,South,29,450.13,Ali,Online,Wholesale
2022-05-11,Cashews,North,50,892.49,Sunil,Offline,Retail
2022-05-12,Pistachios,North,21,335.19,Raj,Offline,Retail
2022-05-12,Pistachios,East,13,134.38,Meena,Online,Retail
2022-05-12,Raisins,West,33,251.03,Sunil,Online,Wholesale
2022-05-13,Pistachios,South,17,208.72,Ali,Offline,Retail
2022-05-13,Raisins,South,48,599.46,Anita,Offline,Wholesale
2022-05-14,Pistachios,East,34,360.59,Ali,Offline,Wholesale
2022-05-14,Pistachios,East,14,123.4,Raj,Online,Wholesale
2022-05-15,Walnuts,South,39,665.72,Meena,Online,Wholesale
2022-05-15,Pistachios,North,37,370.14,Ali,Offline,Wholesale
2022-05-15,Pistachios,South,18,164.42,Sunil,Online,Wholesale
2022-05-16,Pistachios,North,22,427.2,Ali,Online,Retail
2022-05-16,Almonds,East,7,89.12,Sunil,Offline,Retail
2022-05-16,Almonds,East,24,365.43,Raj,Online,Wholesale
2022-05-16,Raisins,West,38,580.13,Meena,Online,Wholesale
2022-05-17,Raisins,North,13,90.21,Ali,Offline,Retail
2022-05-18,Raisins,West,12,68.47,Meena,Online,Retail
2022-05-18,Pistachios,East,35,659.76,Raj,Online,Retail
2022-05-18,Walnuts,North,18,95.34,Meena,Offline,Retail
2022-05-19,Pistachios,West,20,300.2,Meena,Online,Wholesale
2022-05-19,Walnuts,South,1,18.58,Ali,Online,Retail
2022-05-20,Raisins,West,29,319.35,Raj,Offline,Wholesale
2022-05-21,Walnuts,North,50,368.73,Raj,Offline,Wholesale
2022-05-22,Raisins,East,47,249.34,Meena,Offline,Retail
2022-05-22,Almonds,South,37,437.54,Anita,Online,Wholesale
2022-05-22,Cashews,East,35,250.67,Meena,Online,Retail
2022-05-22,Walnuts,East,11,218.94,Meena,Online,Wholesale
2022-05-23,Pistachios,East,17,178.85,Raj,Online,Retail
2022-05-23,Cashews,North,18,225.12,Anita,Offline,Retail
2022-05-24,Almonds,West,7,126.21,Meena,Offline,Retail
2022-05-25,Walnuts,East,37,710.84,Raj,Online,Wholesale
2022-05-25,Almonds,East,3,58.52,Sunil,Offline,Retail
2022-05-26,Almonds,East,27,389.43,Ali,Offline,Wholesale
2022-05-26,Raisins,North,21,251.01,Raj,Online,Wholesale
2022-05-26,Walnuts,West,10,191.89,Sunil,Offline,Retail
2022-05-26,Raisins,East,24,276.67,Sunil,Online,Wholesale
2022-05-27,Raisins,South,32,605.27,Sunil,Offline,Retail
2022-05-27,Walnuts,South,11,95.76,Raj,Offline,Wholesale
2022-05-28,Walnuts,North,39,415.78,Meena,Online,Wholesale
2022-05-28,Raisins,West,4,27.89,Meena,Online,Retail
2022-05-29,Raisins,East,37,680.56,Sunil,Offline,Retail
2022-05-29,Almonds,East,14,163.61,Raj,Online,Retail
2022-05-29,Cashews,North,10,55.01,Raj,Online,Wholesale
2022-05-29,Cashews,East,38,226.59,Meena,Offline,Wholesale
2022-05-30,Pistachios,West,46,697.72,Raj,Online,Wholesale
2022-05-30,Almonds,South,21,173.71,Sunil,Offline,Retail
2022-05-30,Walnuts,North,44,788.3,Ali,Offline,Retail
2022-05-30,Pistachios,East,33,265,Anita,Offline,Wholesale
2022-05-31,Walnuts,East,8,53.66,Ali,Online,Wholesale
2022-05-31,Walnuts,South,40,655.3,Ali,Offline,Retail
2022-05-31,Raisins,North,15,75.24,Raj,Offline,Retail
2022-05-31,Almonds,East,24,207.43,Sunil,Offline,Wholesale
2022-06-01,Cashews,West,16,190.32,Ali,Offline,Retail
2022-06-02,Raisins,South,19,103.95,Meena,Online,Wholesale
2022-06-03,Walnuts,South,46,859.28,Anita,Online,Wholesale
2022-06-03,Raisins,South,9,100.08,Raj,Offline,Wholesale
2022-06-03,Raisins,South,17,205.43,Ali,Online,Wholesale
2022-06-04,Raisins,South,34,428.41,Ali,Online,Retail
2022-06-04,Pistachios,East,46,827.3,Anita,Online,Retail
2022-06-04,Raisins,North,7,84.66,Meena,Online,Retail
2022-06-04,Walnuts,West,20,221.03,Meena,Online,Retail
2022-06-05,Almonds,South,41,334.8,Meena,Online,Wholesale
2022-06-05,Pistachios,East,43,281.61,Ali,Online,Wholesale
2022-06-05,Pistachios,North,7,54.15,Sunil,Online,Wholesale
2022-06-05,Pistachios,North,44,389.23,Raj,Online,Wholesale
2022-06-06,Almonds,East,40,495.4,Sunil,Offline,Wholesale
2022-06-06,Pistachios,South,21,168.44,Sunil,Offline,Wholesale
2022-06-06,Pistachios,North,48,819.29,Meena,Online,Retail
2022-06-07,Pistachios,East,17,126.78,Anita,Online,Retail
2022-06-08,Walnuts,East,5,31.31,Meena,Offline,Retail
2022-06-08,Cashews,West,30,476.42,Ali,Online,Retail
2022-06-08,Walnuts,West,40,294.66,Ali,Online,Retail
2022-06-08,Raisins,South,37,452.39,Anita,Offline,Retail
2022-06-09,Walnuts,North,34,264.78,Sunil,Offline,Wholesale
2022-06-10,Cashews,East,33,275.84,Meena,Online,Retail
2022-06-11,Cashews,West,31,381.03,Ali,Offline,Retail
2022-06-11,Almonds,South,2,14.63,Sunil,Online,Wholesale
2022-06-11,Walnuts,West,23,257.34,Sunil,Offline,Retail
2022-06-11,Walnuts,East,28,557.8,Meena,Online,Retail
2022-06-12,Cashews,West,45,672.01,Meena,Offline,Wholesale
2022-06-13,Walnuts,South,37,259.4,Ali,Online,Wholesale
2022-06-13,Pistachios,South,38,571.3,Meena,Online,Retail
2022-06-13,Pistachios,East,21,342.09,Anita,Online,Wholesale
2022-06-13,Pistachios,South,39,660.11,Ali,Online,Wholesale
2022-06-14,Pistachios,East,29,158.94,Anita,Online,Retail
2022-06-15,Pistachios,East,47,622.09,Ali,Offline,Wholesale
2022-06-15,Almonds,North,9,51.67,Sunil,Offline,Retail
2022-06-15,Walnuts,North,18,119.61,Anita,Online,Retail
2022-06-15,Pistachios,West,40,230.25,Anita,Online,Retail
2022-06-16,Cashews,West,48,836.39,Ali,Offline,Retail
2022-06-17,Almonds,West,27,483.98,Meena,Online,Retail
2022-06-18,Almonds,West,23,305.74,Raj,Online,Retail
2022-06-18,Walnuts,West,39,575.83,Anita,Online,Wholesale
2022-06-18,Pistachios,North,26,377.73,Ali,Offline,Wholesale
2022-06-18,Raisins,North,34,519.91,Sunil,Online,Retail
2022-06-19,Almonds,North,16,280.42,Meena,Online,Retail
2022-06-19,Pistachios,East,20,227.11,Raj,Offline,Retail
2022-06-19,Cashews,South,49,657.64,Sunil,Offline,Retail
2022-06-20,Almonds,East,28,410.39,Sunil,Offline,Wholesale
2022-06-20,Walnuts,North,10,80.16,Anita,Offline,Wholesale
2022-06-21,Pistachios,North,14,167.58,Anita,Online,Wholesale
2022-06-21,Walnuts,West,47,311.16,Sunil,Offline,Retail
2022-06-22,Walnuts,North,32,499.81,Meena,Offline,Wholesale
2022-06-22,Pistachios,West,21,128.25,Ali,Offline,Wholesale
2022-06-22,Pistachios,South,21,270.09,Ali,Online,Retail
2022-06-22,Cashews,South,46,498.23,Ali,Online,Wholesale
2022-06-23,Raisins,West,39,719.35,Sunil,Offline,Wholesale
2022-06-23,Cashews,South,2,21.76,Ali,Online,Retail
2022-06-23,Raisins,West,20,334.36,Ali,Offline,Retail
2022-06-23,Cashews,South,47,586.18,Meena,Online,Wholesale
2022-06-24,Pistachios,West,42,386.81,Raj,Offline,Retail
2022-06-24,Almonds,West,2,39.41,Meena,Online,Wholesale
2022-06-24,Pistachios,West,39,472.15,Anita,Offline,Wholesale
2022-06-24,Pistachios,East,28,311.84,Anita,Online,Wholesale
2022-06-25,Almonds,East,45,592.27,Meena,Online,Wholesale
2022-06-26,Cashews,South,13,111.53,Anita,Offline,Retail
2022-06-26,Almonds,West,6,88.74,Ali,Offline,Wholesale
2022-06-26,Almonds,East,13,68.47,Ali,Online,Wholesale
2022-06-26,Raisins,South,18,244.25,Meena,Offline,Wholesale
2022-06-27,Cashews,East,25,426.07,Raj,Offline,Wholesale
2022-06-28,Raisins,South,40,528.59,Sunil,Offline,Wholesale
2022-06-28,Raisins,North,2,14.84,Raj,Online,Wholesale
2022-06-28,Walnuts,East,22,387.73,Anita,Online,Wholesale
2022-06-29,Almonds,West,15,281.77,Sunil,Offline,Wholesale
2022-06-30,Pistachios,South,44,680.44,Ali,Online,Retail
2022-06-30,Raisins,East,33,368.97,Sunil,Offline,Retail
2022-06-30,Pistachios,North,9,129.21,Meena,Offline,Wholesale
2022-06-30,Pistachios,South,38,483.34,Ali,Offline,Wholesale
2022-07-01,Pistachios,East,9,50.47,Sunil,Online,Wholesale
2022-07-01,Almonds,West,16,220.56,Anita,Online,Wholesale
2022-07-01,Cashews,West,39,626.83,Anita,Online,Retail
2022-07-02,Cashews,East,14,169.56,Anita,Offline,Wholesale
2022-07-02,Raisins,South,41,613.09,Anita,Online,Wholesale
2022-07-03,Pistachios,East,6,92.82,Meena,Online,Wholesale
2022-07-03,Pistachios,South,4,51.95,Anita,Online,Wholesale
2022-07-04,Walnuts,South,15,169.26,Sunil,Online,Wholesale
2022-07-04,Walnuts,East,35,506.28,Raj,Online,Wholesale
2022-07-04,Raisins,South,2,16.09,Anita,Online,Retail
2022-07-04,Cashews,South,18,218.47,Sunil,Offline,Wholesale
2022-07-05,Almonds,North,42,616.9,Raj,Online,Wholesale
2022-07-05,Cashews,South,7,136.85,Anita,Online,Wholesale
2022-07-05,Pistachios,North,46,512.37,Sunil,Offline,Retail
2022-07-05,Walnuts,West,40,586.33,Raj,Offline,Wholesale
2022-07-06,Almonds,South,48,400.2,Raj,Online,Wholesale
2022-07-07,Cashews,South,38,451.97,Ali,Offline,Retail
2022-07-07,Cashews,East,14,273.04,Ali,Offline,Wholesale
2022-07-08,Cashews,East,3,33.4,Meena,Online,Wholesale
2022-07-09,Walnuts,North,2,22.16,Sunil,Offline,Wholesale
2022-07-09,Raisins,West,26,448.45,Anita,Offline,Wholesale
2022-07-10,Walnuts,East,20,307.21,Meena,Online,Wholesale
2022-07-10,Walnuts,South,46,619.15,Anita,Online,Wholesale
2022-07-10,Almonds,West,34,437.33,Ali,Offline,Retail
2022-07-10,Raisins,West,16,169.53,Meena,Online,Retail
2022-07-11,Pistachios,East,24,410.12,Sunil,Online,Retail
2022-07-11,Walnuts,East,8,135.66,Anita,Online,Wholesale
2022-07-11,Almonds,East,27,258.89,Sunil,Offline,Retail
2022-07-12,Raisins,East,18,271.04,Meena,Online,Wholesale
2022-07-13,Almonds,West,33,612.72,Sunil,Online,Retail
2022-07-13,Almonds,South,39,590.22,Anita,Offline,Wholesale
2022-07-13,Almonds,West,24,236.7,Ali,Online,Retail
2022-07-14,Raisins,East,31,589.15,Ali,Online,Retail
2022-07-14,Almonds,East,20,123.28,Sunil,Online,Wholesale
2022-07-14,Pistachios,East,16,97.24,Ali,Offline,Retail
2022-07-15,Cashews,North,46,588.71,Meena,Online,Retail
2022-07-15,Pistachios,West,49,275.76,Ali,Online,Wholesale
2022-07-15,Raisins,North,44,455.67,Sunil,Offline,Retail
2022-07-16,Pistachios,West,17,324.89,Sunil,Offline,Wholesale
2022-07-17,Cashews,North,29,455.6,Anita,Offline,Retail
2022-07-17,Cashews,North,18,191.83,Sunil,Online,Wholesale
2022-07-17,Almonds,North,42,797.69,Ali,Offline,Wholesale
2022-07-18,Cashews,South,37,195.76,Ali,Offline,Retail
2022-07-18,Almonds,North,22,135.38,Meena,Offline,Wholesale
2022-07-18,Raisins,East,12,161.49,Anita,Online,Retail
2022-07-19,Almonds,West,9,136.39,Sunil,Online,Retail
2022-07-19,Almonds,East,10,125.72,Ali,Offline,Wholesale
2022-07-19,Cashews,North,32,638.56,Raj,Offline,Wholesale
2022-07-19,Almonds,West,10,112.78,Raj,Online,Retail
2022-07-20,Walnuts,South,42,272.58,Meena,Offline,Retail
2022-07-21,Raisins,East,19,338.41,Ali,Online,Retail
2022-07-21,Pistachios,West,28,475.43,Ali,Online,Wholesale
2022-07-22,Cashews,North,45,737.9,Anita,Offline,Wholesale
2022-07-22,Pistachios,West,11,204.98,Raj,Offline,Retail
2022-07-22,Almonds,South,9,145.43,Raj,Offline,Retail
2022-07-22,Cashews,South,24,330.13,Sunil,Offline,Retail
2022-07-23,Walnuts,West,30,587.76,Sunil,Offline,Retail
2022-07-23,Raisins,North,39,450.87,Sunil,Online,Retail
2022-07-23,Walnuts,West,6,56.51,Sunil,Online,Retail
2022-07-23,Almonds,North,43,410.08,Raj,Offline,Wholesale
2022-07-24,Almonds,West,24,367.98,Ali,Offline,Wholesale
2022-07-25,Cashews,East,47,826.4,Sunil,Online,Wholesale
2022-07-25,Cashews,South,2,12.02,Ali,Online,Wholesale
2022-07-25,Almonds,West,42,356.94,Raj,Offline,Retail
2022-07-26,Cashews,West,40,423.26,Ali,Offline,Wholesale
2022-07-26,Almonds,East,36,507.11,Anita,Offline,Wholesale
2022-07-27,Almonds,North,4,30.4,Meena,Offline,Wholesale
2022-07-27,Cashews,East,42,255.07,Ali,Offline,Wholesale
2022-07-28,Cashews,North,26,317.73,Meena,Online,Wholesale
2022-07-28,Walnuts,North,26,382.85,Ali,Online,Retail
2022-07-28,Walnuts,West,48,818.13,Ali,Offline,Retail
2022-07-28,Cashews,North,37,310.71,Anita,Online,Wholesale
2022-07-29,Walnuts,East,33,508.36,Ali,Offline,Wholesale
2022-07-30,Raisins,South,40,289.79,Anita,Online,Wholesale
2022-07-30,Raisins,West,50,574.38,Anita,Online,Retail
2022-07-31,Walnuts,East,5,41.7,Sunil,Online,Wholesale
2022-07-31,Almonds,East,40,222.61,Sunil,Online,Wholesale
2022-07-31,Almonds,North,35,421.66,Ali,Offline,Wholesale
2022-08-01,Pistachios,North,40,516.39,Sunil,Offline,Wholesale
2022-08-01,Cashews,South,5,37.13,Anita,Offline,Retail
2022-08-01,Raisins,North,22,431.27,Raj,Offline,Wholesale
2022-08-02,Cashews,North,44,425.19,Meena,Offline,Retail
2022-08-02,Pistachios,West,9,150.12,Ali,Online,Wholesale
2022-08-02,Walnuts,East,38,240.37,Raj,Online,Wholesale
2022-08-02,Pistachios,North,47,911.11,Ali,Online,Wholesale
2022-08-03,Walnuts,South,38,204.84,Meena,Offline,Wholesale
2022-08-03,Walnuts,West,5,60.77,Ali,Online,Retail
2022-08-03,Almonds,North,36,330.84,Meena,Online,Wholesale
2022-08-04,Cashews,West,7,77.93,Anita,Offline,Retail
2022-08-05,Pistachios,North,28,387.36,Anita,Offline,Wholesale
2022-08-05,Raisins,North,11,201.78,Raj,Offline,Wholesale
2022-08-05,Raisins,South,38,293.63,Raj,Online,Wholesale
2022-08-05,Cashews,West,24,429.79,Meena,Online,Retail
2022-08-06,Pistachios,North,20,158.15,Anita,Offline,Retail
2022-08-06,Pistachios,North,15,291.14,Meena,Offline,Retail
2022-08-07,Pistachios,North,26,236.08,Sunil,Online,Retail
2022-08-07,Raisins,East,17,198.39,Anita,Online,Retail
2022-08-07,Almonds,South,47,695.37,Anita,Online,Wholesale
2022-08-07,Walnuts,South,8,109.64,Anita,Offline,Wholesale
2022-08-08,Raisins,East,9,135.64,Raj,Online,Wholesale
2022-08-08,Almonds,East,36,398.49,Ali,Offline,Retail
2022-08-08,Raisins,North,1,14.21,Ali,Offline,Wholesale
2022-08-09,Cashews,East,31,406.3,Raj,Offline,Retail
2022-08-09,Pistachios,East,47,764.81,Meena,Online,Retail
2022-08-09,Almonds,South,36,196.39,Sunil,Offline,Retail
2022-08-09,Walnuts,South,36,464.83,Anita,Online,Retail
2022-08-10,Raisins,East,48,643.02,Sunil,Offline,Wholesale
2022-08-10,Cashews,West,13,125.69,Meena,Online,Retail
2022-08-10,Almonds,East,41,652.73,Ali,Online,Retail
2022-08-11,Pistachios,West,16,229.25,Raj,Offline,Wholesale
2022-08-11,Cashews,West,10,157.98,Raj,Offline,Wholesale
2022-08-12,Walnuts,West,44,748.82,Raj,Online,Wholesale
2022-08-13,Almonds,South,14,81.97,Meena,Online,Wholesale
2022-08-13,Pistachios,North,41,788.58,Meena,Offline,Wholesale
2022-08-13,Walnuts,South,41,332.13,Anita,Online,Retail
2022-08-13,Pistachios,East,7,62.7,Raj,Online,Wholesale
2022-08-14,Almonds,East,9,95.63,Sunil,Online,Retail
2022-08-14,Cashews,East,11,100.12,Anita,Online,Wholesale
2022-08-15,Cashews,East,43,700.79,Meena,Offline,Retail
2022-08-16,Cashews,South,36,208.91,Meena,Offline,Retail
2022-08-16,Almonds,West,42,607.62,Raj,Online,Wholesale
2022-08-16,Cashews,North,31,612.73,Ali,Online,Wholesale
2022-08-17,Raisins,North,39,712.97,Raj,Offline,Wholesale
2022-08-18,Cashews,North,30,319.71,Anita,Offline,Wholesale
2022-08-18,Walnuts,West,1,5.34,Sunil,Offline,Wholesale
2022-08-18,Cashews,South,48,314.51,Ali,Online,Wholesale
2022-08-18,Almonds,West,33,284.82,Raj,Offline,Wholesale
2022-08-19,Raisins,North,12,104.33,Meena,Online,Wholesale
2022-08-20,Cashews,South,17,215.91,Raj,Offline,Retail
2022-08-20,Pistachios,North,27,458.58,Sunil,Offline,Wholesale
2022-08-20,Pistachios,North,37,406.16,Meena,Online,Retail
2022-08-20,Pistachios,North,20,180.78,Meena,Online,Retail
2022-08-21,Pistachios,South,23,253.11,Ali,Offline,Retail
2022-08-21,Raisins,North,40,550.66,Sunil,Offline,Retail
2022-08-22,Cashews,South,1,19.56,Ali,Online,Retail
2022-08-22,Cashews,East,23,284.2,Sunil,Offline,Wholesale
2022-08-22,Almonds,West,48,956.19,Anita,Offline,Wholesale
2022-08-22,Pistachios,East,12,192.78,Sunil,Online,Wholesale
2022-08-23,Walnuts,North,11,216.54,Anita,Online,Wholesale
2022-08-23,Almonds,North,42,535.33,Anita,Offline,Retail
2022-08-23,Raisins,North,30,581.67,Sunil,Offline,Retail
2022-08-24,Raisins,West,19,343.95,Anita,Offline,Retail
2022-08-24,Pistachios,West,12,156.22,Anita,Offline,Wholesale
2022-08-25,Cashews,East,30,237.55,Anita,Offline,Retail
2022-08-25,Raisins,East,4,66.07,Raj,Offline,Retail
2022-08-26,Raisins,East,9,135.61,Ali,Offline,Wholesale
2022-08-26,Cashews,South,34,533.06,Sunil,Online,Retail
2022-08-27,Pistachios,West,50,911.32,Meena,Online,Retail
2022-08-27,Pistachios,South,18,214.76,Anita,Offline,Wholesale
2022-08-27,Walnuts,South,43,622.5,Ali,Online,Wholesale
2022-08-27,Cashews,South,32,579.45,Sunil,Offline,Retail
2022-08-28,Cashews,North,25,208.17,Ali,Offline,Wholesale
2022-08-28,Raisins,West,37,430.84,Anita,Offline,Wholesale
2022-08-28,Cashews,West,14,100.07,Sunil,Offline,Wholesale
2022-08-28,Raisins,West,25,334.2,Raj,Offline,Retail
2022-08-29,Raisins,North,32,375.28,Meena,Offline,Wholesale
2022-08-29,Almonds,West,50,382.55,Ali,Offline,Retail
2022-08-29,Raisins,West,18,300.43,Anita,Online,Wholesale
2022-08-29,Pistachios,East,33,627.58,Ali,Online,Wholesale
2022-08-30,Raisins,West,15,221.76,Anita,Online,Retail
2022-08-30,Walnuts,East,6,71.09,Raj,Online,Retail
2022-08-31,Pistachios,South,7,58.45,Meena,Online,Wholesale
2022-09-01,Walnuts,North,10,111.47,Anita,Offline,Wholesale
2022-09-02,Cashews,North,10,164.44,Raj,Online,Wholesale
2022-09-03,Pistachios,East,10,99.56,Meena,Online,Wholesale
2022-09-03,Raisins,West,21,230.14,Ali,Offline,Wholesale
2022-09-03,Almonds,East,24,348.47,Meena,Online,Retail
2022-09-03,Cashews,North,34,205.69,Raj,Online,Retail
2022-09-04,Raisins,West,4,28.74,Sunil,Online,Wholesale
2022-09-04,Raisins,East,34,544.78,Ali,Online,Retail
2022-09-05,Cashews,East,12,155.59,Meena,Offline,Wholesale
2022-09-05,Raisins,North,18,337.96,Anita,Offline,Retail
2022-09-06,Pistachios,West,14,105.12,Raj,Online,Wholesale
2022-09-07,Almonds,West,50,673.59,Meena,Offline,Retail
2022-09-07,Walnuts,North,24,165.86,Meena,Online,Retail
2022-09-07,Pistachios,West,38,566.49,Raj,Online,Retail
2022-09-07,Cashews,East,7,137.06,Ali,Offline,Retail
2022-09-08,Cashews,North,50,997.58,Anita,Online,Retail
2022-09-08,Cashews,West,3,28.92,Ali,Offline,Retail
2022-09-08,Raisins,North,4,66.79,Sunil,Offline,Retail
2022-09-08,Almonds,South,7,40.42,Anita,Online,Wholesale
2022-09-09,Pistachios,West,12,228.86,Meena,Offline,Wholesale
2022-09-09,Raisins,South,47,641.71,Anita,Offline,Retail
2022-09-09,Raisins,North,28,394.25,Sunil,Online,Wholesale
2022-09-09,Walnuts,South,33,289.33,Anita,Online,Retail
2022-09-10,Almonds,North,29,555.87,Ali,Offline,Retail
2022-09-11,Pistachios,East,29,328.98,Meena,Online,Wholesale
2022-09-11,Cashews,West,33,593.08,Anita,Offline,Retail
2022-09-11,Almonds,South,34,485.22,Anita,Offline,Wholesale
2022-09-11,Almonds,North,9,155.37,Meena,Offline,Retail
2022-09-12,Raisins,North,39,650.67,Ali,Online,Wholesale
2022-09-12,Cashews,North,17,334.38,Anita,Online,Retail
2022-09-13,Pistachios,West,4,68.58,Meena,Offline,Retail
2022-09-13,Pistachios,North,7,124.97,Meena,Online,Retail
2022-09-14,Walnuts,South,7,78.82,Raj,Offline,Wholesale
2022-09-14,Pistachios,East,23,215.17,Anita,Online,Wholesale
2022-09-15,Raisins,South,20,122.82,Sunil,Offline,Wholesale
2022-09-15,Pistachios,South,29,539.67,Meena,Offline,Wholesale
2022-09-16,Walnuts,East,32,222.96,Raj,Offline,Wholesale
2022-09-16,Pistachios,North,23,143.71,Raj,Online,Retail
2022-09-16,Raisins,East,15,188.74,Raj,Offline,Wholesale
2022-09-17,Cashews,South,47,572.45,Meena,Offline,Retail
2022-09-17,Walnuts,South,16,300.77,Sunil,Online,Wholesale
2022-09-17,Cashews,West,18,270.16,Meena,Offline,Wholesale
2022-09-17,Walnuts,North,38,657.65,Anita,Offline,Wholesale
2022-09-18,Cashews,East,25,337.66,Raj,Offline,Retail
2022-09-18,Pistachios,East,29,474.15,Meena,Offline,Wholesale
2022-09-19,Pistachios,East,5,45.27,Ali,Online,Retail
2022-09-20,Raisins,North,46,725.42,Ali,Offline,Wholesale
2022-09-20,Cashews,East,23,252.53,Sunil,Offline,Wholesale
2022-09-20,Almonds,South,43,664.09,Anita,Online,Retail
2022-09-20,Almonds,North,5,96.68,Anita,Online,Wholesale
2022-09-21,Walnuts,West,40,671.88,Anita,Offline,Wholesale
2022-09-22,Pistachios,East,36,539.98,Ali,Offline,Wholesale
2022-09-23,Almonds,East,12,186.53,Raj,Offline,Wholesale
2022-09-23,Pistachios,North,41,780.6,Ali,Online,Retail
2022-09-23,Almonds,West,17,120.99,Anita,Offline,Wholesale
2022-09-23,Walnuts,West,8,40.99,Anita,Offline,Retail
2022-09-24,Cashews,North,17,95.29,Raj,Online,Wholesale
2022-09-24,Walnuts,North,21,226.17,Anita,Offline,Retail
2022-09-25,Raisins,South,20,280.54,Anita,Online,Retail
2022-09-26,Pistachios,East,29,540.9,Anita,Online,Wholesale
2022-09-26,Almonds,East,40,232.27,Ali,Online,Retail
2022-09-27,Walnuts,North,29,377.85,Ali,Online,Retail
2022-09-27,Pistachios,North,10,156.5,Sunil,Online,Wholesale
2022-09-27,Walnuts,East,41,316.23,Ali,Online,Wholesale
2022-09-28,Walnuts,North,46,830.55,Raj,Offline,Wholesale
2022-09-28,Raisins,West,37,540.63,Ali,Online,Retail
2022-09-28,Pistachios,West,20,198.95,Raj,Offline,Wholesale
2022-09-28,Pistachios,West,4,25.59,Anita,Online,Retail
2022-09-29,Pistachios,East,3,17.64,Ali,Offline,Wholesale
2022-09-29,Walnuts,North,48,604.12,Anita,Offline,Wholesale
2022-09-29,Walnuts,East,18,196.96,Meena,Offline,Wholesale
2022-09-30,Almonds,West,14,195.69,Sunil,Offline,Wholesale
2022-09-30,Walnuts,East,42,319.02,Sunil,Online,Wholesale
2022-10-01,Walnuts,East,50,393.4,Anita,Offline,Wholesale
2022-10-01,Raisins,North,8,142.29,Raj,Online,Retail
2022-10-01,Almonds,North,1,17.04,Ali,Online,Wholesale
2022-10-01,Walnuts,South,48,272.24,Anita,Offline,Retail
2022-10-02,Pistachios,West,14,259.13,Sunil,Offline,Wholesale
2022-10-02,Raisins,East,20,174.88,Ali,Offline,Wholesale
2022-10-02,Almonds,East,19,296.46,Anita,Offline,Wholesale
2022-10-03,Cashews,East,29,261.67,Meena,Online,Retail
2022-10-03,Raisins,West,21,359.61,Sunil,Offline,Wholesale
2022-10-03,Pistachios,South,23,334.8,Ali,Online,Retail
2022-10-03,Raisins,North,7,77.15,Meena,Online,Wholesale
2022-10-04,Walnuts,East,41,308.74,Ali,Online,Retail
2022-10-04,Cashews,South,14,78.28,Sunil,Online,Retail
2022-10-05,Pistachios,South,37,710.35,Raj,Online,Retail
2022-10-05,Raisins,West,4,62.99,Ali,Online,Wholesale
2022-10-05,Raisins,North,24,465.74,Ali,Online,Retail
2022-10-05,Pistachios,South,46,565.38,Ali,Offline,Wholesale
2022-10-06,Almonds,North,12,220.48,Raj,Offline,Retail
2022-10-06,Cashews,East,2,27.47,Raj,Online,Wholesale
2022-10-07,Cashews,South,38,312.51,Meena,Offline,Retail
2022-10-07,Pistachios,East,39,672.32,Meena,Offline,Wholesale
2022-10-07,Raisins,North,46,590.29,Ali,Online,Retail
2022-10-07,Walnuts,West,25,282.01,Meena,Offline,Wholesale
2022-10-08,Walnuts,North,43,328.62,Raj,Online,Retail
2022-10-08,Raisins,East,33,190.86,Meena,Online,Retail
2022-10-08,Pistachios,North,48,716.56,Sunil,Online,Retail
2022-10-08,Pistachios,North,35,562.19,Raj,Online,Wholesale
2022-10-09,Cashews,South,14,104.16,Ali,Offline,Retail
2022-10-10,Walnuts,West,32,411.37,Sunil,Online,Wholesale
2022-10-10,Almonds,East,3,23.14,Anita,Offline,Retail
2022-10-10,Pistachios,East,35,305.96,Ali,Offline,Wholesale
2022-10-10,Cashews,West,40,268.32,Anita,Offline,Wholesale
2022-10-11,Cashews,North,44,734.83,Meena,Online,Retail
2022-10-12,Almonds,East,15,187.16,Raj,Offline,Retail
2022-10-12,Cashews,West,42,502.15,Ali,Offline,Wholesale
2022-10-12,Almonds,West,15,157.77,Meena,Online,Wholesale
2022-10-13,Cashews,East,11,178.37,Meena,Online,Wholesale
2022-10-13,Almonds,South,4,25.22,Meena,Online,Wholesale
2022-10-13,Walnuts,West,42,602.43,Sunil,Offline,Wholesale
2022-10-14,Raisins,South,30,435.83,Anita,Online,Retail
2022-10-14,Pistachios,East,48,900.8,Meena,Offline,Retail
2022-10-14,Walnuts,North,10,68.42,Meena,Offline,Retail
2022-10-15,Pistachios,North,8,138.55,Raj,Online,Wholesale
2022-10-15,Pistachios,North,1,10.52,Raj,Offline,Wholesale
2022-10-15,Walnuts,West,46,593.89,Raj,Offline,Wholesale
2022-10-15,Pistachios,North,18,294.28,Anita,Offline,Wholesale
2022-10-16,Walnuts,South,13,70.78,Ali,Online,Wholesale
2022-10-16,Pistachios,West,42,622.67,Anita,Offline,Wholesale
2022-10-16,Pistachios,West,19,284.42,Ali,Online,Wholesale
2022-10-16,Walnuts,East,44,725.63,Ali,Offline,Wholesale
2022-10-17,Cashews,West,8,111.47,Anita,Online,Retail
2022-10-17,Cashews,North,1,9.45,Ali,Online,Retail
2022-10-17,Almonds,East,38,400.38,Raj,Offline,Wholesale
2022-10-18,Cashews,South,43,585.48,Anita,Online,Wholesale
2022-10-19,Walnuts,South,31,534.36,Raj,Online,Wholesale
2022-10-19,Pistachios,North,26,463.14,Anita,Offline,Wholesale
2022-10-19,Walnuts,North,18,181.72,Raj,Offline,Retail
2022-10-19,Pistachios,East,6,119.38,Ali,Online,Wholesale
2022-10-20,Walnuts,East,46,756.41,Anita,Offline,Retail
2022-10-20,Walnuts,East,1,12.51,Meena,Online,Wholesale
2022-10-20,Raisins,West,18,156.85,Raj,Online,Retail
2022-10-20,Raisins,East,42,784.23,Raj,Online,Retail
2022-10-21,Cashews,East,45,400.19,Anita,Offline,Retail
2022-10-21,Raisins,East,26,385.2,Meena,Offline,Retail
2022-10-21,Cashews,South,18,245.61,Meena,Offline,Retail
2022-10-22,Walnuts,West,11,71.75,Anita,Online,Wholesale
2022-10-22,Raisins,West,38,449.28,Ali,Online,Retail
2022-10-23,Walnuts,North,23,325.64,Ali,Online,Wholesale
2022-10-23,Raisins,North,22,431.94,Ali,Offline,Retail
2022-10-23,Pistachios,West,13,76.39,Anita,Offline,Wholesale
2022-10-23,Pistachios,East,16,195.86,Meena,Offline,Retail
2022-10-24,Walnuts,West,48,423.94,Meena,Offline,Retail
2022-10-24,Pistachios,West,50,997.96,Ali,Offline,Wholesale
2022-10-24,Almonds,North,34,420.94,Raj,Offline,Wholesale
2022-10-24,Walnuts,West,4,60.16,Sunil,Online,Wholesale
2022-10-25,Pistachios,West,18,280.33,Raj,Offline,Wholesale
2022-10-26,Pistachios,West,1,5.32,Meena,Online,Retail
2022-10-26,Pistachios,West,23,232.09,Raj,Offline,Wholesale
2022-10-26,Raisins,South,40,206.09,Ali,Offline,Retail
2022-10-27,Raisins,North,13,194.98,Raj,Offline,Retail
2022-10-28,Almonds,North,42,295.51,Sunil,Offline,Wholesale
2022-10-28,Almonds,East,48,799.57,Ali,Offline,Retail
2022-10-29,Cashews,South,49,275.47,Raj,Online,Retail
2022-10-29,Pistachios,West,45,565.29,Ali,Online,Retail
2022-10-29,Raisins,North,10,90.51,Ali,Online,Retail
2022-10-30,Pistachios,West,10,192.37,Anita,Offline,Wholesale
2022-10-30,Cashews,West,40,592.79,Ali,Offline,Wholesale
2022-10-30,Almonds,North,22,352.77,Ali,Online,Wholesale
2022-10-30,Cashews,South,21,297.5,Meena,Online,Wholesale
2022-10-31,Cashews,West,13,71.22,Ali,Online,Wholesale
2022-11-01,Almonds,West,17,214.25,Ali,Offline,Wholesale
2022-11-02,Raisins,West,19,373.1,Anita,Online,Retail
2022-11-02,Almonds,North,14,175.5,Raj,Offline,Wholesale
2022-11-03,Almonds,South,4,69.66,Ali,Offline,Wholesale
2022-11-03,Almonds,West,37,579.64,Sunil,Offline,Retail
2022-11-03,Raisins,East,12,186.15,Meena,Offline,Retail
2022-11-04,Pistachios,East,6,61.74,Anita,Online,Retail
2022-11-04,Raisins,North,36,381.05,Raj,Online,Retail
2022-11-05,Raisins,South,44,264.18,Ali,Online,Retail
2022-11-05,Almonds,East,11,72,Raj,Online,Wholesale
2022-11-05,Pistachios,South,9,106.06,Ali,Offline,Wholesale
2022-11-05,Almonds,South,30,277.13,Meena,Online,Retail
2022-11-06,Walnuts,North,21,120.72,Ali,Offline,Retail
2022-11-07,Cashews,North,10,102.27,Meena,Online,Retail
2022-11-08,Pistachios,South,49,976.73,Anita,Online,Wholesale
2022-11-08,Walnuts,East,25,289.59,Sunil,Online,Wholesale
2022-11-09,Almonds,West,19,124.43,Anita,Online,Retail
2022-11-09,Walnuts,South,17,152.68,Raj,Online,Wholesale
2022-11-10,Almonds,West,26,180.53,Raj,Online,Retail
2022-11-10,Almonds,East,36,586.75,Ali,Online,Retail
2022-11-10,Cashews,East,44,634.68,Anita,Online,Retail
2022-11-10,Cashews,East,4,58.06,Raj,Online,Retail
2022-11-11,Pistachios,East,5,55.74,Meena,Offline,Retail
2022-11-12,Cashews,North,5,97.26,Meena,Offline,Wholesale
2022-11-12,Pistachios,East,10,175.07,Ali,Online,Retail
2022-11-12,Pistachios,South,2,38.98,Sunil,Offline,Wholesale
2022-11-13,Almonds,East,13,136.76,Anita,Offline,Wholesale
2022-11-13,Pistachios,East,43,536.15,Meena,Online,Retail
2022-11-13,Pistachios,South,49,461.27,Meena,Online,Wholesale
2022-11-14,Pistachios,East,31,596.37,Meena,Offline,Retail
2022-11-14,Walnuts,West,10,119.26,Raj,Online,Wholesale
2022-11-14,Almonds,South,22,323.46,Ali,Online,Retail
2022-11-15,Pistachios,South,14,230.3,Ali,Offline,Wholesale
2022-11-15,Almonds,East,37,587.02,Meena,Offline,Retail
2022-11-16,Walnuts,East,50,395.58,Meena,Online,Wholesale
2022-11-16,Raisins,North,2,25.83,Ali,Offline,Wholesale
2022-11-17,Almonds,South,9,148.79,Meena,Online,Retail
2022-11-17,Cashews,North,16,269.62,Meena,Offline,Wholesale
2022-11-17,Raisins,West,6,54.49,Sunil,Online,Retail
2022-11-18,Cashews,South,7,35.52,Raj,Online,Retail
2022-11-18,Raisins,South,7,136.52,Sunil,Online,Retail
2022-11-19,Pistachios,East,4,35.91,Ali,Online,Wholesale
2022-11-19,Almonds,West,11,216.53,Meena,Offline,Wholesale
2022-11-19,Walnuts,North,26,350.01,Raj,Online,Retail
2022-11-20,Cashews,West,21,263.35,Ali,Online,Wholesale
2022-11-20,Almonds,South,19,130.25,Meena,Offline,Retail
2022-11-20,Walnuts,East,26,498.97,Raj,Online,Retail
2022-11-21,Cashews,South,47,461.01,Sunil,Online,Retail
2022-11-22,Cashews,West,23,378.95,Sunil,Offline,Wholesale
2022-11-22,Almonds,West,8,95.31,Ali,Offline,Retail
2022-11-22,Raisins,West,15,92.04,Raj,Online,Retail
2022-11-22,Raisins,East,36,335.79,Sunil,Offline,Retail
2022-11-23,Walnuts,North,36,332.22,Meena,Offline,Retail
2022-11-23,Raisins,East,45,376.3,Meena,Offline,Retail
2022-11-23,Pistachios,North,35,469.33,Raj,Offline,Wholesale
2022-11-24,Walnuts,North,15,260.62,Sunil,Offline,Wholesale
2022-11-24,Walnuts,West,14,224.46,Sunil,Offline,Wholesale
2022-11-24,Almonds,East,44,592.64,Meena,Online,Retail
2022-11-25,Walnuts,North,15,105.92,Raj,Offline,Retail
2022-11-26,Almonds,South,46,817.25,Meena,Offline,Retail
2022-11-26,Cashews,East,25,366.34,Sunil,Online,Wholesale
2022-11-26,Almonds,North,20,223.4,Sunil,Offline,Retail
2022-11-27,Almonds,East,34,421.24,Ali,Offline,Retail
2022-11-27,Walnuts,North,17,314.95,Anita,Online,Retail
2022-11-27,Raisins,North,20,237.23,Ali,Offline,Retail
2022-11-27,Pistachios,North,49,859.89,Sunil,Online,Wholesale
2022-11-28,Pistachios,East,2,31.92,Ali,Online,Retail
2022-11-28,Raisins,East,3,19.41,Ali,Online,Retail
2022-11-28,Pistachios,West,19,108.11,Raj,Online,Wholesale
2022-11-28,Raisins,North,17,215.65,Anita,Offline,Wholesale
2022-11-29,Pistachios,West,10,109.85,Anita,Offline,Retail
2022-11-29,Walnuts,East,34,617.37,Anita,Offline,Retail
2022-11-30,Walnuts,South,14,129.86,Sunil,Offline,Retail
2022-12-01,Cashews,West,22,223.06,Sunil,Offline,Retail
2022-12-01,Almonds,North,4,51.49,Ali,Online,Wholesale
2022-12-02,Walnuts,South,42,576.79,Raj,Offline,Wholesale
2022-12-02,Walnuts,East,22,364.27,Raj,Offline,Wholesale
2022-12-03,Walnuts,North,34,179.63,Raj,Online,Retail
2022-12-04,Almonds,West,34,376.31,Ali,Offline,Wholesale
2022-12-04,Raisins,East,50,494.38,Anita,Online,Retail
2022-12-04,Raisins,South,19,288.81,Raj,Online,Wholesale
2022-12-05,Almonds,South,24,319.57,Raj,Offline,Retail
2022-12-06,Raisins,West,12,157.46,Ali,Online,Retail
2022-12-06,Cashews,South,38,579.26,Anita,Online,Retail
2022-12-07,Walnuts,East,8,102.17,Ali,Online,Retail
2022-12-08,Raisins,North,28,199.19,Anita,Online,Retail
2022-12-09,Almonds,West,32,243.42,Meena,Offline,Retail
2022-12-09,Pistachios,East,25,302.56,Sunil,Offline,Retail
2022-12-10,Almonds,South,21,118.15,Sunil,Offline,Wholesale
2022-12-11,Pistachios,West,14,122.55,Anita,Offline,Retail
2022-12-12,Walnuts,North,28,164.82,Raj,Offline,Retail
2022-12-13,Cashews,South,43,442.54,Meena,Online,Retail
2022-12-14,Cashews,North,50,956.26,Sunil,Offline,Retail
2022-12-14,Pistachios,South,30,275.71,Meena,Offline,Retail
2022-12-14,Almonds,West,49,365.75,Meena,Online,Wholesale
2022-12-15,Raisins,South,7,82.63,Meena,Offline,Wholesale
2022-12-15,Walnuts,West,12,220,Sunil,Online,Wholesale
2022-12-15,Almonds,East,4,67.11,Sunil,Offline,Retail
2022-12-15,Almonds,West,30,464.06,Meena,Online,Retail
2022-12-16,Raisins,South,31,281.19,Ali,Online,Retail
2022-12-16,Almonds,North,18,216.08,Meena,Online,Wholesale
2022-12-16,Cashews,West,11,84.13,Meena,Offline,Retail
2022-12-17,Pistachios,East,10,115.46,Anita,Online,Retail
2022-12-17,Pistachios,East,33,344.15,Meena,Offline,Wholesale
2022-12-17,Raisins,East,12,166.8,Sunil,Online,Retail
2022-12-18,Walnuts,West,25,450.8,Sunil,Offline,Retail
2022-12-18,Cashews,South,27,499.68,Meena,Online,Retail
2022-12-18,Pistachios,North,8,58.34,Raj,Online,Retail
2022-12-18,Cashews,East,50,322.1,Ali,Online,Retail
2022-12-19,Pistachios,South,26,302.09,Anita,Offline,Wholesale
2022-12-20,Walnuts,South,38,600.32,Raj,Offline,Retail
2022-12-20,Cashews,West,28,337.67,Ali,Online,Retail
2022-12-20,Pistachios,South,48,619.97,Anita,Offline,Wholesale
2022-12-20,Almonds,South,25,148.91,Ali,Online,Wholesale
2022-12-21,Almonds,West,42,834.38,Ali,Offline,Wholesale
2022-12-21,Almonds,West,41,391.98,Anita,Offline,Wholesale
2022-12-21,Raisins,South,39,293.8,Raj,Online,Retail
2022-12-21,Almonds,South,33,652.08,Raj,Offline,Wholesale
2022-12-22,Cashews,West,4,78.17,Ali,Offline,Retail
2022-12-22,Raisins,East,6,72.7,Sunil,Online,Retail
2022-12-22,Cashews,West,35,610.6,Meena,Online,Wholesale
2022-12-23,Cashews,East,15,146.45,Meena,Online,Wholesale
2022-12-24,Cashews,West,11,67.99,Meena,Online,Wholesale
2022-12-24,Raisins,South,26,131.92,Sunil,Online,Wholesale
2022-12-25,Pistachios,South,11,120.45,Sunil,Online,Retail
2022-12-25,Raisins,West,44,602.97,Meena,Offline,Wholesale
2022-12-25,Walnuts,South,42,341.42,Ali,Online,Wholesale
2022-12-25,Walnuts,East,42,563.26,Raj,Offline,Wholesale
2022-12-26,Raisins,South,22,271.67,Raj,Offline,Wholesale
2022-12-26,Almonds,East,6,99.6,Sunil,Offline,Wholesale
2022-12-27,Raisins,North,40,716.53,Meena,Online,Wholesale
2022-12-27,Pistachios,West,6,45.47,Anita,Offline,Wholesale
2022-12-27,Raisins,South,40,542.86,Ali,Online,Retail
2022-12-27,Cashews,North,4,52.65,Ali,Offline,Wholesale
2022-12-28,Cashews,South,46,898.46,Ali,Offline,Retail
2022-12-28,Pistachios,South,46,430.48,Ali,Online,Wholesale
2022-12-29,Pistachios,East,22,117.1,Sunil,Offline,Wholesale
2022-12-30,Pistachios,South,21,327.48,Meena,Online,Wholesale
2022-12-31,Pistachios,East,20,222.59,Raj,Online,Retail
2022-12-31,Pistachios,South,34,185.89,Ali,Offline,Retail
